{"lsq": {"mq2007": {"train": {"Navigational": [0.46412989411099986, 0.46894994228370807, 0.4720842882842852, 0.4711153157518573, 0.4735927922018767], "Informational": [0.7298514906021533, 0.7312735843624856, 0.7323598605755137, 0.731510756239134, 0.7329236396227592], "Perfect": [0.4169902594021673, 0.42290231796073846, 0.4270377215877516, 0.42631744674262645, 0.42906344901537147]}, "test": {"Navigational": [0.4845603993105404, 0.465707398034615, 0.4505091879584724, 0.4449793659877741, 0.4629104379292837], "Informational": [0.7363891216267502, 0.7302467395677553, 0.7227989153789753, 0.7202298271524195, 0.7263421027083233], "Perfect": [0.442274287101993, 0.419178979667088, 0.4012723936750832, 0.394988936224072, 0.4167884431919277]}}, "mq2008": {"train": {"Navigational": [0.4460538715375058, 0.473015209182348, 0.47066773029906084, 0.45062018355445405, 0.4462055314382236], "Informational": [0.7245797468318355, 0.7354861638379918, 0.7322965907864997, 0.7277234832596107, 0.7266098512154744], "Perfect": [0.3949122255501636, 0.4271714882321472, 0.424269157906957, 0.3993152255361366, 0.3937603493857649]}, "test": {"Navigational": [0.44444926274942415, 0.3983855984395168, 0.4321135305544306, 0.5021114275877532, 0.47513899160375417], "Informational": [0.7245289230364771, 0.7042693118832667, 0.718518396768808, 0.7463492213610642, 0.7358815186185899], "Perfect": [0.3907540656319954, 0.3387994570506016, 0.3787505292058437, 0.4613641623382366, 0.4306289927396118]}}}, "svmrank": {"mq2007": {"train": {"Navigational": [0.4705523860526831, 0.4771847201497801, 0.48407045486979156, 0.4864116431350678, 0.4815578552594545], "Informational": [0.7333866218178763, 0.7358779464324531, 0.7383613656850258, 0.7398941964546881, 0.7378906163843034], "Perfect": [0.42468431627608394, 0.4324663889108368, 0.44047432240791556, 0.44371965688447057, 0.43777162354761495]}, "test": {"Navigational": [0.5101149684787705, 0.4697230710499776, 0.4691642680789028, 0.4567303196890912, 0.47941443302623166], "Informational": [0.7513940716282033, 0.7338677161868842, 0.7334025209834775, 0.7267800980219027, 0.7357518591545001], "Perfect": [0.47070461051173934, 0.4237581098995645, 0.4233002819260075, 0.4081207319687337, 0.4352893573389289]}}, "mq2008": {"train": {"Navigational": [0.4647164467463006, 0.4930667768060062, 0.4884927081241459, 0.4624311908523877, 0.448190921293009], "Informational": [0.7325608873916877, 0.7441134387936043, 0.7422344655829035, 0.7329325486781237, 0.7259916959738122], "Perfect": [0.416734252308496, 0.4504763971560846, 0.44427584312204466, 0.4131278396498227, 0.39635573655437345]}, "test": {"Navigational": [0.4605029369712197, 0.41027575877064576, 0.4511533866605111, 0.5332813769261568, 0.493961558979305], "Informational": [0.7324519368244111, 0.7106607968833242, 0.724061393277586, 0.7626971663110523, 0.7454941495332243], "Perfect": [0.4089599311278999, 0.35234748208598726, 0.40228770947073095, 0.4961086980904358, 0.45220197022545744]}}}}